'Elapsed time','V4'
'hh:mm:ss.mmm','mV'
'0:00.000',0.455
'0:00.004',0.460
'0:00.008',0.450
'0:00.012',0.425
'0:00.016',0.435
'0:00.020',0.455
'0:00.024',0.490
'0:00.028',0.500
'0:00.032',0.485
'0:00.036',0.500
'0:00.040',0.495
'0:00.044',0.500
'0:00.048',0.500
'0:00.052',0.515
'0:00.056',0.530
'0:00.060',0.560
'0:00.064',0.570
'0:00.068',0.560
'0:00.072',0.535
'0:00.076',0.535
'0:00.080',0.535
'0:00.084',0.525
'0:00.088',0.510
'0:00.092',0.500
'0:00.096',0.500
'0:00.100',0.490
'0:00.104',0.485
'0:00.108',0.465
'0:00.112',0.460
'0:00.116',0.450
'0:00.120',0.445
'0:00.124',0.440
'0:00.128',0.435
'0:00.132',0.440
'0:00.136',0.445
'0:00.140',0.475
'0:00.144',0.495
'0:00.148',0.500
'0:00.152',0.500
'0:00.156',0.480
'0:00.160',0.450
'0:00.164',0.430
'0:00.168',0.430
'0:00.172',0.445
'0:00.176',0.495
'0:00.180',0.630
'0:00.184',0.880
'0:00.188',1.290
'0:00.192',1.770
'0:00.196',2.190
'0:00.200',2.415
'0:00.204',2.320
'0:00.208',1.985
'0:00.212',1.535
'0:00.216',1.085
'0:00.220',0.750
'0:00.224',0.580
'0:00.228',0.520
'0:00.232',0.525
'0:00.236',0.525
'0:00.240',0.515
'0:00.244',0.490
'0:00.248',0.475
'0:00.252',0.465
'0:00.256',0.450
'0:00.260',0.455
'0:00.264',0.455
'0:00.268',0.465
'0:00.272',0.480
'0:00.276',0.475
'0:00.280',0.490
'0:00.284',0.475
'0:00.288',0.455
'0:00.292',0.460
'0:00.296',0.465
'0:00.300',0.475
'0:00.304',0.475
'0:00.308',0.460
'0:00.312',0.485
'0:00.316',0.485
'0:00.320',0.485
'0:00.324',0.485
'0:00.328',0.495
'0:00.332',0.495
'0:00.336',0.495
'0:00.340',0.495
'0:00.344',0.495
'0:00.348',0.490
'0:00.352',0.485
'0:00.356',0.500
'0:00.360',0.515
'0:00.364',0.530
'0:00.368',0.515
'0:00.372',0.540
'0:00.376',0.555
'0:00.380',0.570
'0:00.384',0.580
'0:00.388',0.595
'0:00.392',0.575
'0:00.396',0.585
'0:00.400',0.600
'0:00.404',0.620
'0:00.408',0.650
'0:00.412',0.665
'0:00.416',0.695
'0:00.420',0.710
'0:00.424',0.725
'0:00.428',0.730
'0:00.432',0.730
'0:00.436',0.750
'0:00.440',0.760
'0:00.444',0.765
'0:00.448',0.755
'0:00.452',0.760
'0:00.456',0.770
'0:00.460',0.775
'0:00.464',0.770
'0:00.468',0.760
'0:00.472',0.755
'0:00.476',0.735
'0:00.480',0.710
'0:00.484',0.685
'0:00.488',0.660
'0:00.492',0.620
'0:00.496',0.600
'0:00.500',0.570
'0:00.504',0.555
'0:00.508',0.540
'0:00.512',0.530
'0:00.516',0.520
'0:00.520',0.505
'0:00.524',0.500
'0:00.528',0.500
'0:00.532',0.495
'0:00.536',0.485
'0:00.540',0.495
'0:00.544',0.485
'0:00.548',0.485
'0:00.552',0.490
'0:00.556',0.465
'0:00.560',0.485
'0:00.564',0.485
'0:00.568',0.490
'0:00.572',0.480
'0:00.576',0.475
'0:00.580',0.475
'0:00.584',0.490
'0:00.588',0.475
'0:00.592',0.460
'0:00.596',0.455
'0:00.600',0.465
'0:00.604',0.475
'0:00.608',0.485
'0:00.612',0.480
'0:00.616',0.480
'0:00.620',0.485
'0:00.624',0.490
'0:00.628',0.490
'0:00.632',0.480
'0:00.636',0.465
'0:00.640',0.450
'0:00.644',0.445
'0:00.648',0.450
'0:00.652',0.450
'0:00.656',0.475
'0:00.660',0.465
'0:00.664',0.455
'0:00.668',0.450
'0:00.672',0.450
'0:00.676',0.475
'0:00.680',0.465
'0:00.684',0.480
'0:00.688',0.485
'0:00.692',0.475
'0:00.696',0.490
'0:00.700',0.480
'0:00.704',0.450
'0:00.708',0.465
'0:00.712',0.475
'0:00.716',0.485
'0:00.720',0.485
'0:00.724',0.465
'0:00.728',0.485
'0:00.732',0.475
'0:00.736',0.475
'0:00.740',0.465
'0:00.744',0.465
'0:00.748',0.475
'0:00.752',0.475
'0:00.756',0.475
'0:00.760',0.475
'0:00.764',0.455
'0:00.768',0.450
'0:00.772',0.440
'0:00.776',0.435
'0:00.780',0.430
'0:00.784',0.450
'0:00.788',0.455
'0:00.792',0.465
'0:00.796',0.465
'0:00.800',0.450
'0:00.804',0.445
'0:00.808',0.445
'0:00.812',0.450
'0:00.816',0.455
'0:00.820',0.450
'0:00.824',0.460
'0:00.828',0.455
'0:00.832',0.455
'0:00.836',0.465
'0:00.840',0.465
'0:00.844',0.475
'0:00.848',0.485
'0:00.852',0.490
'0:00.856',0.485
'0:00.860',0.475
'0:00.864',0.475
'0:00.868',0.455
'0:00.872',0.465
'0:00.876',0.465
'0:00.880',0.475
'0:00.884',0.465
'0:00.888',0.455
'0:00.892',0.440
'0:00.896',0.455
'0:00.900',0.475
'0:00.904',0.510
'0:00.908',0.530
'0:00.912',0.535
'0:00.916',0.540
'0:00.920',0.525
'0:00.924',0.500
'0:00.928',0.500
'0:00.932',0.525
'0:00.936',0.560
'0:00.940',0.570
'0:00.944',0.560
'0:00.948',0.540
'0:00.952',0.535
'0:00.956',0.540
'0:00.960',0.540
'0:00.964',0.530
'0:00.968',0.525
'0:00.972',0.515
'0:00.976',0.495
'0:00.980',0.485
'0:00.984',0.465
'0:00.988',0.455
'0:00.992',0.460
'0:00.996',0.450
'0:01.000',0.455
'0:01.004',0.455
'0:01.008',0.465
'0:01.012',0.475
'0:01.016',0.475
'0:01.020',0.450
'0:01.024',0.440
'0:01.028',0.450
'0:01.032',0.455
'0:01.036',0.480
'0:01.040',0.495
'0:01.044',0.495
'0:01.048',0.500
'0:01.052',0.555
'0:01.056',0.670
'0:01.060',0.965
'0:01.064',1.360
'0:01.068',1.850
'0:01.072',2.260
'0:01.076',2.410
'0:01.080',2.250
'0:01.084',1.835
'0:01.088',1.370
'0:01.092',0.935
'0:01.096',0.685
'0:01.100',0.585
'0:01.104',0.560
'0:01.108',0.555
'0:01.112',0.545
'0:01.116',0.525
'0:01.120',0.495
'0:01.124',0.485
'0:01.128',0.480
'0:01.132',0.485
'0:01.136',0.495
'0:01.140',0.485
'0:01.144',0.465
'0:01.148',0.475
'0:01.152',0.480
'0:01.156',0.495
'0:01.160',0.500
'0:01.164',0.510
'0:01.168',0.510
'0:01.172',0.525
'0:01.176',0.515
'0:01.180',0.500
'0:01.184',0.485
'0:01.188',0.455
'0:01.192',0.475
'0:01.196',0.475
'0:01.200',0.485
'0:01.204',0.495
'0:01.208',0.500
'0:01.212',0.520
'0:01.216',0.535
'0:01.220',0.540
'0:01.224',0.530
'0:01.228',0.525
'0:01.232',0.525
'0:01.236',0.525
'0:01.240',0.530
'0:01.244',0.540
'0:01.248',0.540
'0:01.252',0.560
'0:01.256',0.565
'0:01.260',0.580
'0:01.264',0.580
'0:01.268',0.605
'0:01.272',0.610
'0:01.276',0.620
'0:01.280',0.645
'0:01.284',0.660
'0:01.288',0.680
'0:01.292',0.690
'0:01.296',0.705
'0:01.300',0.715
'0:01.304',0.735
'0:01.308',0.760
'0:01.312',0.770
'0:01.316',0.770
'0:01.320',0.775
'0:01.324',0.790
'0:01.328',0.790
'0:01.332',0.785
'0:01.336',0.770
'0:01.340',0.750
'0:01.344',0.735
'0:01.348',0.710
'0:01.352',0.695
'0:01.356',0.680
'0:01.360',0.655
'0:01.364',0.625
'0:01.368',0.605
'0:01.372',0.610
'0:01.376',0.600
'0:01.380',0.580
'0:01.384',0.555
'0:01.388',0.560
'0:01.392',0.555
'0:01.396',0.535
'0:01.400',0.525
'0:01.404',0.505
'0:01.408',0.495
'0:01.412',0.495
'0:01.416',0.460
'0:01.420',0.490
'0:01.424',0.500
'0:01.428',0.515
'0:01.432',0.510
'0:01.436',0.495
'0:01.440',0.495
'0:01.444',0.490
'0:01.448',0.510
'0:01.452',0.510
'0:01.456',0.505
'0:01.460',0.510
'0:01.464',0.515
'0:01.468',0.500
'0:01.472',0.490
'0:01.476',0.485
'0:01.480',0.490
'0:01.484',0.485
'0:01.488',0.480
'0:01.492',0.475
'0:01.496',0.455
'0:01.500',0.450
'0:01.504',0.455
'0:01.508',0.475
'0:01.512',0.490
'0:01.516',0.495
'0:01.520',0.495
'0:01.524',0.495
'0:01.528',0.495
'0:01.532',0.475
'0:01.536',0.455
'0:01.540',0.455
'0:01.544',0.475
'0:01.548',0.475
'0:01.552',0.480
'0:01.556',0.495
'0:01.560',0.495
'0:01.564',0.495
'0:01.568',0.515
'0:01.572',0.515
'0:01.576',0.515
'0:01.580',0.500
'0:01.584',0.475
'0:01.588',0.485
'0:01.592',0.495
'0:01.596',0.505
'0:01.600',0.505
'0:01.604',0.485
'0:01.608',0.500
'0:01.612',0.495
'0:01.616',0.490
'0:01.620',0.465
'0:01.624',0.465
'0:01.628',0.480
'0:01.632',0.480
'0:01.636',0.475
'0:01.640',0.475
'0:01.644',0.455
'0:01.648',0.480
'0:01.652',0.495
'0:01.656',0.490
'0:01.660',0.485
'0:01.664',0.485
'0:01.668',0.485
'0:01.672',0.480
'0:01.676',0.490
'0:01.680',0.490
'0:01.684',0.495
'0:01.688',0.495
'0:01.692',0.495
'0:01.696',0.495
'0:01.700',0.475
'0:01.704',0.475
'0:01.708',0.495
'0:01.712',0.485
'0:01.716',0.510
'0:01.720',0.495
'0:01.724',0.495
'0:01.728',0.485
'0:01.732',0.490
'0:01.736',0.485
'0:01.740',0.485
'0:01.744',0.495
'0:01.748',0.500
'0:01.752',0.515
'0:01.756',0.495
'0:01.760',0.475
'0:01.764',0.465
'0:01.768',0.475
'0:01.772',0.455
'0:01.776',0.480
'0:01.780',0.490
'0:01.784',0.495
'0:01.788',0.495
'0:01.792',0.495
'0:01.796',0.500
'0:01.800',0.500
'0:01.804',0.500
'0:01.808',0.500
'0:01.812',0.490
'0:01.816',0.500
'0:01.820',0.505
'0:01.824',0.515
'0:01.828',0.515
'0:01.832',0.510
'0:01.836',0.525
'0:01.840',0.525
'0:01.844',0.540
'0:01.848',0.545
'0:01.852',0.565
'0:01.856',0.580
'0:01.860',0.580
'0:01.864',0.595
'0:01.868',0.600
'0:01.872',0.600
'0:01.876',0.580
'0:01.880',0.580
'0:01.884',0.585
'0:01.888',0.580
'0:01.892',0.560
'0:01.896',0.540
'0:01.900',0.525
'0:01.904',0.515
'0:01.908',0.510
'0:01.912',0.515
'0:01.916',0.495
'0:01.920',0.495
'0:01.924',0.495
'0:01.928',0.485
'0:01.932',0.490
'0:01.936',0.485
'0:01.940',0.460
'0:01.944',0.490
'0:01.948',0.485
'0:01.952',0.475
'0:01.956',0.465
'0:01.960',0.455
'0:01.964',0.485
'0:01.968',0.495
'0:01.972',0.500
'0:01.976',0.495
'0:01.980',0.505
'0:01.984',0.605
'0:01.988',0.835
'0:01.992',1.230
'0:01.996',1.675
'0:02.000',2.110
'0:02.004',2.380
'0:02.008',2.405
'0:02.012',2.140
'0:02.016',1.715
'0:02.020',1.250
'0:02.024',0.860
'0:02.028',0.655
'0:02.032',0.570
'0:02.036',0.555
'0:02.040',0.545
'0:02.044',0.555
'0:02.048',0.560
'0:02.052',0.540
'0:02.056',0.530
'0:02.060',0.520
'0:02.064',0.500
'0:02.068',0.490
'0:02.072',0.495
'0:02.076',0.495
'0:02.080',0.495
'0:02.084',0.495
'0:02.088',0.500
'0:02.092',0.505
'0:02.096',0.515
'0:02.100',0.505
'0:02.104',0.495
'0:02.108',0.485
'0:02.112',0.495
'0:02.116',0.500
'0:02.120',0.510
'0:02.124',0.510
'0:02.128',0.515
'0:02.132',0.540
'0:02.136',0.555
'0:02.140',0.565
'0:02.144',0.560
'0:02.148',0.535
'0:02.152',0.525
'0:02.156',0.525
'0:02.160',0.535
'0:02.164',0.560
'0:02.168',0.575
'0:02.172',0.575
'0:02.176',0.560
'0:02.180',0.555
'0:02.184',0.570
'0:02.188',0.580
'0:02.192',0.570
'0:02.196',0.570
'0:02.200',0.580
'0:02.204',0.620
'0:02.208',0.645
'0:02.212',0.670
'0:02.216',0.685
'0:02.220',0.690
'0:02.224',0.710
'0:02.228',0.725
'0:02.232',0.735
'0:02.236',0.750
'0:02.240',0.755
'0:02.244',0.780
'0:02.248',0.790
'0:02.252',0.810
'0:02.256',0.815
'0:02.260',0.830
'0:02.264',0.830
'0:02.268',0.820
'0:02.272',0.795
'0:02.276',0.765
'0:02.280',0.725
'0:02.284',0.710
'0:02.288',0.690
'0:02.292',0.695
'0:02.296',0.685
'0:02.300',0.645
'0:02.304',0.620
'0:02.308',0.605
'0:02.312',0.595
'0:02.316',0.565
'0:02.320',0.570
'0:02.324',0.555
'0:02.328',0.555
'0:02.332',0.540
'0:02.336',0.540
'0:02.340',0.560
'0:02.344',0.545
'0:02.348',0.535
'0:02.352',0.525
'0:02.356',0.510
'0:02.360',0.515
'0:02.364',0.525
'0:02.368',0.535
'0:02.372',0.530
'0:02.376',0.530
'0:02.380',0.505
'0:02.384',0.500
'0:02.388',0.500
'0:02.392',0.510
'0:02.396',0.515
'0:02.400',0.520
'0:02.404',0.515
'0:02.408',0.500
'0:02.412',0.495
'0:02.416',0.495
'0:02.420',0.500
'0:02.424',0.505
'0:02.428',0.520
'0:02.432',0.515
'0:02.436',0.510
'0:02.440',0.510
'0:02.444',0.515
'0:02.448',0.515
'0:02.452',0.515
'0:02.456',0.515
'0:02.460',0.525
'0:02.464',0.510
'0:02.468',0.525
'0:02.472',0.525
'0:02.476',0.515
'0:02.480',0.500
'0:02.484',0.475
'0:02.488',0.495
'0:02.492',0.500
'0:02.496',0.505
'0:02.500',0.510
'0:02.504',0.510
'0:02.508',0.515
'0:02.512',0.520
'0:02.516',0.515
'0:02.520',0.515
'0:02.524',0.520
'0:02.528',0.525
'0:02.532',0.520
'0:02.536',0.525
'0:02.540',0.515
'0:02.544',0.515
'0:02.548',0.515
'0:02.552',0.510
'0:02.556',0.515
'0:02.560',0.515
'0:02.564',0.530
'0:02.568',0.545
'0:02.572',0.555
'0:02.576',0.540
'0:02.580',0.535
'0:02.584',0.525
'0:02.588',0.510
'0:02.592',0.485
'0:02.596',0.475
'0:02.600',0.465
'0:02.604',0.455
'0:02.608',0.480
'0:02.612',0.490
'0:02.616',0.495
'0:02.620',0.495
'0:02.624',0.495
'0:02.628',0.495
'0:02.632',0.485
'0:02.636',0.490
'0:02.640',0.495
'0:02.644',0.500
'0:02.648',0.500
'0:02.652',0.485
'0:02.656',0.500
'0:02.660',0.495
'0:02.664',0.495
'0:02.668',0.495
'0:02.672',0.500
'0:02.676',0.500
'0:02.680',0.500
'0:02.684',0.495
'0:02.688',0.495
'0:02.692',0.490
'0:02.696',0.500
'0:02.700',0.515
'0:02.704',0.535
'0:02.708',0.555
'0:02.712',0.535
'0:02.716',0.510
'0:02.720',0.495
'0:02.724',0.475
'0:02.728',0.465
'0:02.732',0.485
'0:02.736',0.495
'0:02.740',0.510
'0:02.744',0.515
'0:02.748',0.500
'0:02.752',0.485
'0:02.756',0.475
'0:02.760',0.465
'0:02.764',0.490
'0:02.768',0.485
'0:02.772',0.480
'0:02.776',0.460
'0:02.780',0.465
'0:02.784',0.480
'0:02.788',0.500
'0:02.792',0.525
'0:02.796',0.525
'0:02.800',0.515
'0:02.804',0.495
'0:02.808',0.495
'0:02.812',0.500
'0:02.816',0.515
'0:02.820',0.510
'0:02.824',0.525
'0:02.828',0.520
'0:02.832',0.525
'0:02.836',0.525
'0:02.840',0.520
'0:02.844',0.560
'0:02.848',0.590
'0:02.852',0.595
'0:02.856',0.600
'0:02.860',0.610
'0:02.864',0.615
'0:02.868',0.625
'0:02.872',0.615
'0:02.876',0.575
'0:02.880',0.535
'0:02.884',0.530
'0:02.888',0.530
'0:02.892',0.535
'0:02.896',0.515
'0:02.900',0.510
'0:02.904',0.515
'0:02.908',0.515
'0:02.912',0.505
'0:02.916',0.495
'0:02.920',0.485
'0:02.924',0.490
'0:02.928',0.485
'0:02.932',0.495
'0:02.936',0.500
'0:02.940',0.525
'0:02.944',0.535
'0:02.948',0.530
'0:02.952',0.500
'0:02.956',0.485
'0:02.960',0.475
'0:02.964',0.495
'0:02.968',0.515
'0:02.972',0.495
'0:02.976',0.445
'0:02.980',0.425
'0:02.984',0.450
'0:02.988',0.535
'0:02.992',0.810
'0:02.996',1.200
'0:03.000',1.700
'0:03.004',2.175
'0:03.008',2.450
'0:03.012',2.405
'0:03.016',2.095
'0:03.020',1.645
'0:03.024',1.175
'0:03.028',0.815
'0:03.032',0.625
'0:03.036',0.570
'0:03.040',0.570
'0:03.044',0.560
'0:03.048',0.540
'0:03.052',0.535
'0:03.056',0.535
'0:03.060',0.535
'0:03.064',0.525
'0:03.068',0.525
'0:03.072',0.515
'0:03.076',0.480
'0:03.080',0.435
'0:03.084',0.430
'0:03.088',0.455
'0:03.092',0.465
'0:03.096',0.460
'0:03.100',0.465
'0:03.104',0.475
'0:03.108',0.485
'0:03.112',0.495
'0:03.116',0.460
'0:03.120',0.485
'0:03.124',0.475
'0:03.128',0.485
'0:03.132',0.500
'0:03.136',0.535
'0:03.140',0.535
'0:03.144',0.515
'0:03.148',0.500
'0:03.152',0.495
'0:03.156',0.510
'0:03.160',0.510
'0:03.164',0.510
'0:03.168',0.515
'0:03.172',0.500
'0:03.176',0.500
'0:03.180',0.530
'0:03.184',0.540
'0:03.188',0.560
'0:03.192',0.570
'0:03.196',0.590
'0:03.200',0.600
'0:03.204',0.615
'0:03.208',0.630
'0:03.212',0.650
'0:03.216',0.655
'0:03.220',0.665
'0:03.224',0.680
'0:03.228',0.695
'0:03.232',0.715
'0:03.236',0.735
'0:03.240',0.745
'0:03.244',0.750
'0:03.248',0.755
'0:03.252',0.775
'0:03.256',0.805
'0:03.260',0.825
'0:03.264',0.835
'0:03.268',0.830
'0:03.272',0.810
'0:03.276',0.775
'0:03.280',0.730
'0:03.284',0.695
'0:03.288',0.680
'0:03.292',0.665
'0:03.296',0.650
'0:03.300',0.640
'0:03.304',0.620
'0:03.308',0.595
'0:03.312',0.580
'0:03.316',0.565
'0:03.320',0.555
'0:03.324',0.540
'0:03.328',0.535
'0:03.332',0.515
'0:03.336',0.520
'0:03.340',0.515
'0:03.344',0.500
'0:03.348',0.510
'0:03.352',0.495
'0:03.356',0.495
'0:03.360',0.485
'0:03.364',0.460
'0:03.368',0.485
'0:03.372',0.495
'0:03.376',0.495
'0:03.380',0.495
'0:03.384',0.490
'0:03.388',0.515
'0:03.392',0.515
'0:03.396',0.520
'0:03.400',0.490
'0:03.404',0.465
'0:03.408',0.450
'0:03.412',0.450
'0:03.416',0.445
'0:03.420',0.450
'0:03.424',0.465
'0:03.428',0.465
'0:03.432',0.460
'0:03.436',0.475
'0:03.440',0.475
'0:03.444',0.465
'0:03.448',0.465
'0:03.452',0.465
'0:03.456',0.475
'0:03.460',0.465
'0:03.464',0.465
'0:03.468',0.465
'0:03.472',0.475
'0:03.476',0.480
'0:03.480',0.490
'0:03.484',0.480
'0:03.488',0.465
'0:03.492',0.455
'0:03.496',0.465
'0:03.500',0.475
'0:03.504',0.475
'0:03.508',0.465
'0:03.512',0.450
'0:03.516',0.455
'0:03.520',0.475
'0:03.524',0.485
'0:03.528',0.495
'0:03.532',0.485
'0:03.536',0.510
'0:03.540',0.515
'0:03.544',0.495
'0:03.548',0.450
'0:03.552',0.430
'0:03.556',0.415
'0:03.560',0.415
'0:03.564',0.420
'0:03.568',0.415
'0:03.572',0.405
'0:03.576',0.415
'0:03.580',0.415
'0:03.584',0.430
'0:03.588',0.435
'0:03.592',0.445
'0:03.596',0.445
'0:03.600',0.455
'0:03.604',0.455
'0:03.608',0.450
'0:03.612',0.440
'0:03.616',0.435
'0:03.620',0.435
'0:03.624',0.440
'0:03.628',0.450
'0:03.632',0.485
'0:03.636',0.515
'0:03.640',0.515
'0:03.644',0.480
'0:03.648',0.410
'0:03.652',0.365
'0:03.656',0.370
'0:03.660',0.400
'0:03.664',0.410
'0:03.668',0.415
'0:03.672',0.430
'0:03.676',0.425
'0:03.680',0.450
'0:03.684',0.450
'0:03.688',0.440
'0:03.692',0.440
'0:03.696',0.440
'0:03.700',0.425
'0:03.704',0.440
'0:03.708',0.435
'0:03.712',0.440
'0:03.716',0.440
'0:03.720',0.430
'0:03.724',0.450
'0:03.728',0.450
'0:03.732',0.450
'0:03.736',0.440
'0:03.740',0.435
'0:03.744',0.450
'0:03.748',0.445
'0:03.752',0.455
'0:03.756',0.480
'0:03.760',0.475
'0:03.764',0.455
'0:03.768',0.455
'0:03.772',0.455
'0:03.776',0.450
'0:03.780',0.445
'0:03.784',0.440
'0:03.788',0.430
'0:03.792',0.435
'0:03.796',0.430
'0:03.800',0.440
'0:03.804',0.450
'0:03.808',0.455
'0:03.812',0.465
'0:03.816',0.495
'0:03.820',0.495
'0:03.824',0.485
'0:03.828',0.455
'0:03.832',0.430
'0:03.836',0.420
'0:03.840',0.445
'0:03.844',0.460
'0:03.848',0.490
'0:03.852',0.515
'0:03.856',0.520
'0:03.860',0.530
'0:03.864',0.540
'0:03.868',0.535
'0:03.872',0.570
'0:03.876',0.555
'0:03.880',0.555
'0:03.884',0.540
'0:03.888',0.525
'0:03.892',0.535
'0:03.896',0.525
'0:03.900',0.515
'0:03.904',0.500
'0:03.908',0.480
'0:03.912',0.485
'0:03.916',0.475
'0:03.920',0.475
'0:03.924',0.455
'0:03.928',0.435
'0:03.932',0.435
'0:03.936',0.450
'0:03.940',0.455
'0:03.944',0.445
'0:03.948',0.440
'0:03.952',0.440
'0:03.956',0.450
'0:03.960',0.485
'0:03.964',0.485
'0:03.968',0.475
'0:03.972',0.450
'0:03.976',0.450
'0:03.980',0.455
'0:03.984',0.510
'0:03.988',0.665
'0:03.992',0.985
'0:03.996',1.440
'0:04.000',1.920
'0:04.004',2.315
'0:04.008',2.450
'0:04.012',2.265
'0:04.016',1.845
'0:04.020',1.405
'0:04.024',0.980
'0:04.028',0.680
'0:04.032',0.580
'0:04.036',0.535
'0:04.040',0.535
'0:04.044',0.525
'0:04.048',0.505
'0:04.052',0.490
'0:04.056',0.450
'0:04.060',0.460
'0:04.064',0.475
'0:04.068',0.465
'0:04.072',0.475
'0:04.076',0.475
'0:04.080',0.480
'0:04.084',0.465
'0:04.088',0.465
'0:04.092',0.465
'0:04.096',0.475
'0:04.100',0.475
'0:04.104',0.475
'0:04.108',0.475
'0:04.112',0.475
'0:04.116',0.480
'0:04.120',0.475
'0:04.124',0.485
'0:04.128',0.500
'0:04.132',0.505
'0:04.136',0.510
'0:04.140',0.510
'0:04.144',0.510
'0:04.148',0.490
'0:04.152',0.480
'0:04.156',0.480
'0:04.160',0.485
'0:04.164',0.495
'0:04.168',0.510
'0:04.172',0.520
'0:04.176',0.540
'0:04.180',0.540
'0:04.184',0.555
'0:04.188',0.570
'0:04.192',0.580
'0:04.196',0.575
'0:04.200',0.595
'0:04.204',0.610
'0:04.208',0.620
'0:04.212',0.645
'0:04.216',0.655
'0:04.220',0.660
'0:04.224',0.695
'0:04.228',0.680
'0:04.232',0.705
'0:04.236',0.715
'0:04.240',0.725
'0:04.244',0.760
'0:04.248',0.750
'0:04.252',0.765
'0:04.256',0.760
'0:04.260',0.775
'0:04.264',0.770
'0:04.268',0.775
'0:04.272',0.770
'0:04.276',0.745
'0:04.280',0.725
'0:04.284',0.705
'0:04.288',0.670
'0:04.292',0.660
'0:04.296',0.630
'0:04.300',0.605
'0:04.304',0.580
'0:04.308',0.560
'0:04.312',0.555
'0:04.316',0.540
'0:04.320',0.525
'0:04.324',0.510
'0:04.328',0.515
'0:04.332',0.505
'0:04.336',0.495
'0:04.340',0.485
'0:04.344',0.495
'0:04.348',0.485
'0:04.352',0.495
'0:04.356',0.495
'0:04.360',0.495
'0:04.364',0.490
'0:04.368',0.485
'0:04.372',0.485
'0:04.376',0.475
'0:04.380',0.480
'0:04.384',0.485
'0:04.388',0.480
'0:04.392',0.465
'0:04.396',0.485
'0:04.400',0.480
'0:04.404',0.480
'0:04.408',0.475
'0:04.412',0.450
'0:04.416',0.460
'0:04.420',0.455
'0:04.424',0.455
'0:04.428',0.455
'0:04.432',0.455
'0:04.436',0.450
'0:04.440',0.430
'0:04.444',0.435
'0:04.448',0.455
'0:04.452',0.475
'0:04.456',0.490
'0:04.460',0.490
'0:04.464',0.495
'0:04.468',0.490
'0:04.472',0.485
'0:04.476',0.475
'0:04.480',0.460
'0:04.484',0.465
'0:04.488',0.455
'0:04.492',0.465
'0:04.496',0.475
'0:04.500',0.475
'0:04.504',0.475
'0:04.508',0.475
'0:04.512',0.495
'0:04.516',0.490
'0:04.520',0.485
'0:04.524',0.495
'0:04.528',0.495
'0:04.532',0.490
'0:04.536',0.475
'0:04.540',0.465
'0:04.544',0.455
'0:04.548',0.435
'0:04.552',0.440
'0:04.556',0.430
'0:04.560',0.440
'0:04.564',0.445
'0:04.568',0.445
'0:04.572',0.450
'0:04.576',0.450
'0:04.580',0.425
'0:04.584',0.450
'0:04.588',0.445
'0:04.592',0.450
'0:04.596',0.450
'0:04.600',0.435
'0:04.604',0.450
'0:04.608',0.450
'0:04.612',0.455
'0:04.616',0.450
'0:04.620',0.450
'0:04.624',0.450
'0:04.628',0.450
'0:04.632',0.455
'0:04.636',0.450
'0:04.640',0.450
'0:04.644',0.445
'0:04.648',0.450
'0:04.652',0.455
'0:04.656',0.450
'0:04.660',0.445
'0:04.664',0.445
'0:04.668',0.440
'0:04.672',0.445
'0:04.676',0.445
'0:04.680',0.455
'0:04.684',0.450
'0:04.688',0.455
'0:04.692',0.465
'0:04.696',0.475
'0:04.700',0.465
'0:04.704',0.460
'0:04.708',0.450
'0:04.712',0.450
'0:04.716',0.445
'0:04.720',0.450
'0:04.724',0.450
'0:04.728',0.445
'0:04.732',0.450
'0:04.736',0.450
'0:04.740',0.450
'0:04.744',0.455
'0:04.748',0.435
'0:04.752',0.460
'0:04.756',0.455
'0:04.760',0.455
'0:04.764',0.465
'0:04.768',0.450
'0:04.772',0.475
'0:04.776',0.450
'0:04.780',0.435
'0:04.784',0.430
'0:04.788',0.425
'0:04.792',0.440
'0:04.796',0.450
'0:04.800',0.460
'0:04.804',0.455
'0:04.808',0.455
'0:04.812',0.460
'0:04.816',0.475
'0:04.820',0.465
'0:04.824',0.465
'0:04.828',0.465
'0:04.832',0.475
'0:04.836',0.475
'0:04.840',0.485
'0:04.844',0.480
'0:04.848',0.480
'0:04.852',0.495
'0:04.856',0.510
'0:04.860',0.525
'0:04.864',0.530
'0:04.868',0.520
'0:04.872',0.515
'0:04.876',0.525
'0:04.880',0.540
'0:04.884',0.570
'0:04.888',0.580
'0:04.892',0.580
'0:04.896',0.570
'0:04.900',0.545
'0:04.904',0.535
'0:04.908',0.530
'0:04.912',0.530
'0:04.916',0.500
'0:04.920',0.500
'0:04.924',0.500
'0:04.928',0.495
'0:04.932',0.485
'0:04.936',0.455
'0:04.940',0.475
'0:04.944',0.455
'0:04.948',0.450
'0:04.952',0.445
'0:04.956',0.445
'0:04.960',0.450
'0:04.964',0.445
'0:04.968',0.455
'0:04.972',0.455
'0:04.976',0.455
'0:04.980',0.465
'0:04.984',0.495
'0:04.988',0.495
'0:04.992',0.490
'0:04.996',0.485
'0:05.000',0.515
'0:05.004',0.660
'0:05.008',0.965
'0:05.012',1.390
'0:05.016',1.845
'0:05.020',2.195
'0:05.024',2.325
'0:05.028',2.170
'0:05.032',1.810
'0:05.036',1.360
'0:05.040',0.955
'0:05.044',0.680
'0:05.048',0.575
'0:05.052',0.560
'0:05.056',0.570
'0:05.060',0.565
'0:05.064',0.545
'0:05.068',0.535
'0:05.072',0.505
'0:05.076',0.495
'0:05.080',0.465
'0:05.084',0.475
'0:05.088',0.460
'0:05.092',0.455
'0:05.096',0.475
'0:05.100',0.465
'0:05.104',0.455
'0:05.108',0.485
'0:05.112',0.485
'0:05.116',0.480
'0:05.120',0.480
'0:05.124',0.475
'0:05.128',0.495
'0:05.132',0.490
'0:05.136',0.495
'0:05.140',0.495
'0:05.144',0.495
'0:05.148',0.500
'0:05.152',0.500
'0:05.156',0.505
'0:05.160',0.505
'0:05.164',0.510
'0:05.168',0.515
'0:05.172',0.520
'0:05.176',0.525
'0:05.180',0.535
'0:05.184',0.540
'0:05.188',0.555
'0:05.192',0.570
'0:05.196',0.560
'0:05.200',0.580
'0:05.204',0.585
'0:05.208',0.600
'0:05.212',0.605
'0:05.216',0.615
'0:05.220',0.645
'0:05.224',0.655
'0:05.228',0.665
'0:05.232',0.665
'0:05.236',0.675
'0:05.240',0.685
'0:05.244',0.700
'0:05.248',0.730
'0:05.252',0.745
'0:05.256',0.765
'0:05.260',0.780
'0:05.264',0.805
'0:05.268',0.810
'0:05.272',0.845
'0:05.276',0.830
'0:05.280',0.825
'0:05.284',0.815
'0:05.288',0.815
'0:05.292',0.820
'0:05.296',0.790
'0:05.300',0.765
'0:05.304',0.740
'0:05.308',0.710
'0:05.312',0.670
'0:05.316',0.645
'0:05.320',0.620
'0:05.324',0.620
'0:05.328',0.605
'0:05.332',0.600
'0:05.336',0.570
'0:05.340',0.560
'0:05.344',0.535
'0:05.348',0.510
'0:05.352',0.500
'0:05.356',0.500
'0:05.360',0.515
'0:05.364',0.505
'0:05.368',0.510
'0:05.372',0.515
'0:05.376',0.500
'0:05.380',0.495
'0:05.384',0.500
'0:05.388',0.495
'0:05.392',0.500
'0:05.396',0.495
'0:05.400',0.495
'0:05.404',0.495
'0:05.408',0.500
'0:05.412',0.500
'0:05.416',0.500
'0:05.420',0.495
'0:05.424',0.495
'0:05.428',0.490
'0:05.432',0.500
'0:05.436',0.495
'0:05.440',0.485
'0:05.444',0.490
'0:05.448',0.495
'0:05.452',0.490
'0:05.456',0.490
'0:05.460',0.475
'0:05.464',0.495
'0:05.468',0.495
'0:05.472',0.495
'0:05.476',0.485
'0:05.480',0.490
'0:05.484',0.495
'0:05.488',0.495
'0:05.492',0.495
'0:05.496',0.490
'0:05.500',0.485
'0:05.504',0.495
'0:05.508',0.490
'0:05.512',0.500
'0:05.516',0.495
'0:05.520',0.500
'0:05.524',0.500
'0:05.528',0.495
'0:05.532',0.495
'0:05.536',0.495
'0:05.540',0.500
'0:05.544',0.500
'0:05.548',0.510
'0:05.552',0.515
'0:05.556',0.515
'0:05.560',0.510
'0:05.564',0.510
'0:05.568',0.495
'0:05.572',0.495
'0:05.576',0.495
'0:05.580',0.485
'0:05.584',0.485
'0:05.588',0.475
'0:05.592',0.460
'0:05.596',0.475
'0:05.600',0.485
'0:05.604',0.480
'0:05.608',0.485
'0:05.612',0.485
'0:05.616',0.485
'0:05.620',0.480
'0:05.624',0.485
'0:05.628',0.455
'0:05.632',0.485
'0:05.636',0.480
'0:05.640',0.490
'0:05.644',0.485
'0:05.648',0.465
'0:05.652',0.485
'0:05.656',0.490
'0:05.660',0.485
'0:05.664',0.495
'0:05.668',0.495
'0:05.672',0.490
'0:05.676',0.490
'0:05.680',0.495
'0:05.684',0.495
'0:05.688',0.490
'0:05.692',0.495
'0:05.696',0.495
'0:05.700',0.495
'0:05.704',0.495
'0:05.708',0.495
'0:05.712',0.485
'0:05.716',0.465
'0:05.720',0.450
'0:05.724',0.450
'0:05.728',0.465
'0:05.732',0.475
'0:05.736',0.485
'0:05.740',0.495
'0:05.744',0.490
'0:05.748',0.490
'0:05.752',0.490
'0:05.756',0.490
'0:05.760',0.495
'0:05.764',0.490
'0:05.768',0.495
'0:05.772',0.495
'0:05.776',0.495
'0:05.780',0.485
'0:05.784',0.490
'0:05.788',0.500
'0:05.792',0.495
'0:05.796',0.475
'0:05.800',0.495
'0:05.804',0.495
'0:05.808',0.495
'0:05.812',0.500
'0:05.816',0.495
'0:05.820',0.525
'0:05.824',0.545
'0:05.828',0.565
'0:05.832',0.575
'0:05.836',0.585
'0:05.840',0.575
'0:05.844',0.565
'0:05.848',0.560
'0:05.852',0.570
'0:05.856',0.580
'0:05.860',0.575
'0:05.864',0.580
'0:05.868',0.570
'0:05.872',0.570
'0:05.876',0.560
'0:05.880',0.560
'0:05.884',0.555
'0:05.888',0.545
'0:05.892',0.540
'0:05.896',0.525
'0:05.900',0.515
'0:05.904',0.515
'0:05.908',0.500
'0:05.912',0.495
'0:05.916',0.485
'0:05.920',0.485
'0:05.924',0.475
'0:05.928',0.490
'0:05.932',0.495
'0:05.936',0.500
'0:05.940',0.500
'0:05.944',0.500
'0:05.948',0.500
'0:05.952',0.505
'0:05.956',0.505
'0:05.960',0.515
'0:05.964',0.500
'0:05.968',0.515
'0:05.972',0.610
'0:05.976',0.850
'0:05.980',1.245
'0:05.984',1.735
'0:05.988',2.180
'0:05.992',2.480
'0:05.996',2.495
'0:06.000',2.225
'0:06.004',1.790
'0:06.008',1.325
'0:06.012',0.920
'0:06.016',0.685
'0:06.020',0.595
'0:06.024',0.575
'0:06.028',0.570
'0:06.032',0.570
'0:06.036',0.540
'0:06.040',0.530
'0:06.044',0.525
'0:06.048',0.510
'0:06.052',0.500
'0:06.056',0.500
'0:06.060',0.510
'0:06.064',0.515
'0:06.068',0.505
'0:06.072',0.515
'0:06.076',0.510
'0:06.080',0.515
'0:06.084',0.515
'0:06.088',0.515
'0:06.092',0.525
'0:06.096',0.520
'0:06.100',0.515
'0:06.104',0.525
'0:06.108',0.525
'0:06.112',0.525
'0:06.116',0.535
'0:06.120',0.555
'0:06.124',0.555
'0:06.128',0.555
'0:06.132',0.560
'0:06.136',0.555
'0:06.140',0.555
'0:06.144',0.560
'0:06.148',0.565
'0:06.152',0.555
'0:06.156',0.580
'0:06.160',0.585
'0:06.164',0.590
'0:06.168',0.610
'0:06.172',0.625
'0:06.176',0.620
'0:06.180',0.625
'0:06.184',0.640
'0:06.188',0.655
'0:06.192',0.665
'0:06.196',0.680
'0:06.200',0.705
'0:06.204',0.715
'0:06.208',0.730
'0:06.212',0.745
'0:06.216',0.765
'0:06.220',0.780
'0:06.224',0.790
'0:06.228',0.810
'0:06.232',0.810
'0:06.236',0.830
'0:06.240',0.835
'0:06.244',0.830
'0:06.248',0.830
'0:06.252',0.830
'0:06.256',0.835
'0:06.260',0.820
'0:06.264',0.810
'0:06.268',0.775
'0:06.272',0.755
'0:06.276',0.735
'0:06.280',0.725
'0:06.284',0.695
'0:06.288',0.685
'0:06.292',0.655
'0:06.296',0.640
'0:06.300',0.620
'0:06.304',0.600
'0:06.308',0.585
'0:06.312',0.570
'0:06.316',0.565
'0:06.320',0.540
'0:06.324',0.560
'0:06.328',0.560
'0:06.332',0.560
'0:06.336',0.570
'0:06.340',0.530
'0:06.344',0.545
'0:06.348',0.555
'0:06.352',0.555
'0:06.356',0.545
'0:06.360',0.540
'0:06.364',0.560
'0:06.368',0.545
'0:06.372',0.540
'0:06.376',0.555
'0:06.380',0.540
'0:06.384',0.540
'0:06.388',0.535
'0:06.392',0.535
'0:06.396',0.535
'0:06.400',0.535
'0:06.404',0.530
'0:06.408',0.540
'0:06.412',0.555
'0:06.416',0.545
'0:06.420',0.540
'0:06.424',0.535
'0:06.428',0.535
'0:06.432',0.530
'0:06.436',0.535
'0:06.440',0.525
'0:06.444',0.525
'0:06.448',0.500
'0:06.452',0.520
'0:06.456',0.525
'0:06.460',0.535
'0:06.464',0.535
'0:06.468',0.535
'0:06.472',0.555
'0:06.476',0.540
'0:06.480',0.540
'0:06.484',0.530
'0:06.488',0.540
'0:06.492',0.535
'0:06.496',0.535
'0:06.500',0.540
'0:06.504',0.535
'0:06.508',0.520
'0:06.512',0.535
'0:06.516',0.540
'0:06.520',0.540
'0:06.524',0.535
'0:06.528',0.515
'0:06.532',0.530
'0:06.536',0.540
'0:06.540',0.540
'0:06.544',0.535
'0:06.548',0.535
'0:06.552',0.535
'0:06.556',0.530
'0:06.560',0.535
'0:06.564',0.535
'0:06.568',0.525
'0:06.572',0.530
'0:06.576',0.540
'0:06.580',0.535
'0:06.584',0.535
'0:06.588',0.530
'0:06.592',0.520
'0:06.596',0.515
'0:06.600',0.525
'0:06.604',0.515
'0:06.608',0.515
'0:06.612',0.515
'0:06.616',0.515
'0:06.620',0.515
'0:06.624',0.520
'0:06.628',0.515
'0:06.632',0.515
'0:06.636',0.515
'0:06.640',0.520
'0:06.644',0.510
'0:06.648',0.515
'0:06.652',0.520
'0:06.656',0.525
'0:06.660',0.520
'0:06.664',0.515
'0:06.668',0.525
'0:06.672',0.520
'0:06.676',0.510
'0:06.680',0.530
'0:06.684',0.525
'0:06.688',0.540
'0:06.692',0.530
'0:06.696',0.520
'0:06.700',0.535
'0:06.704',0.525
'0:06.708',0.530
'0:06.712',0.525
'0:06.716',0.520
'0:06.720',0.525
'0:06.724',0.525
'0:06.728',0.525
'0:06.732',0.525
'0:06.736',0.520
'0:06.740',0.520
'0:06.744',0.525
'0:06.748',0.535
'0:06.752',0.530
'0:06.756',0.530
'0:06.760',0.535
'0:06.764',0.535
'0:06.768',0.535
'0:06.772',0.540
'0:06.776',0.545
'0:06.780',0.560
'0:06.784',0.540
'0:06.788',0.540
'0:06.792',0.530
'0:06.796',0.525
'0:06.800',0.520
'0:06.804',0.515
'0:06.808',0.525
'0:06.812',0.525
'0:06.816',0.530
'0:06.820',0.520
'0:06.824',0.530
'0:06.828',0.535
'0:06.832',0.535
'0:06.836',0.535
'0:06.840',0.530
'0:06.844',0.515
'0:06.848',0.535
'0:06.852',0.540
'0:06.856',0.545
'0:06.860',0.560
'0:06.864',0.560
'0:06.868',0.580
'0:06.872',0.595
'0:06.876',0.585
'0:06.880',0.580
'0:06.884',0.595
'0:06.888',0.600
'0:06.892',0.620
'0:06.896',0.645
'0:06.900',0.645
'0:06.904',0.630
'0:06.908',0.620
'0:06.912',0.625
'0:06.916',0.610
'0:06.920',0.595
'0:06.924',0.590
'0:06.928',0.595
'0:06.932',0.580
'0:06.936',0.570
'0:06.940',0.540
'0:06.944',0.535
'0:06.948',0.525
'0:06.952',0.515
'0:06.956',0.515
'0:06.960',0.515
'0:06.964',0.530
'0:06.968',0.525
'0:06.972',0.525
'0:06.976',0.520
'0:06.980',0.520
'0:06.984',0.535
'0:06.988',0.530
'0:06.992',0.545
'0:06.996',0.560
'0:07.000',0.560
'0:07.004',0.565
'0:07.008',0.610
'0:07.012',0.730
'0:07.016',1.010
'0:07.020',1.410
'0:07.024',1.865
'0:07.028',2.260
'0:07.032',2.460
'0:07.036',2.350
'0:07.040',2.010
'0:07.044',1.580
'0:07.048',1.140
'0:07.052',0.825
'0:07.056',0.660
'0:07.060',0.610
'0:07.064',0.605
'0:07.068',0.600
'0:07.072',0.585
'0:07.076',0.560
'0:07.080',0.540
'0:07.084',0.540
'0:07.088',0.530
'0:07.092',0.520
'0:07.096',0.525
'0:07.100',0.525
'0:07.104',0.530
'0:07.108',0.530
'0:07.112',0.535
'0:07.116',0.525
'0:07.120',0.535
'0:07.124',0.535
'0:07.128',0.530
'0:07.132',0.540
'0:07.136',0.535
'0:07.140',0.535
'0:07.144',0.540
'0:07.148',0.540
'0:07.152',0.560
'0:07.156',0.540
'0:07.160',0.540
'0:07.164',0.535
'0:07.168',0.535
'0:07.172',0.555
'0:07.176',0.555
'0:07.180',0.545
'0:07.184',0.560
'0:07.188',0.570
'0:07.192',0.575
'0:07.196',0.585
'0:07.200',0.600
'0:07.204',0.580
'0:07.208',0.595
'0:07.212',0.590
'0:07.216',0.610
'0:07.220',0.645
'0:07.224',0.630
'0:07.228',0.650
'0:07.232',0.655
'0:07.236',0.670
'0:07.240',0.695
'0:07.244',0.705
'0:07.248',0.735
'0:07.252',0.745
'0:07.256',0.760
'0:07.260',0.770
'0:07.264',0.780
'0:07.268',0.805
'0:07.272',0.810
'0:07.276',0.815
'0:07.280',0.815
'0:07.284',0.825
'0:07.288',0.825
'0:07.292',0.830
'0:07.296',0.820
'0:07.300',0.795
'0:07.304',0.780
'0:07.308',0.765
'0:07.312',0.750
'0:07.316',0.710
'0:07.320',0.680
'0:07.324',0.665
'0:07.328',0.655
'0:07.332',0.655
'0:07.336',0.640
'0:07.340',0.610
'0:07.344',0.600
'0:07.348',0.585
'0:07.352',0.570
'0:07.356',0.560
'0:07.360',0.560
'0:07.364',0.540
'0:07.368',0.535
'0:07.372',0.540
'0:07.376',0.545
'0:07.380',0.555
'0:07.384',0.540
'0:07.388',0.515
'0:07.392',0.525
'0:07.396',0.525
'0:07.400',0.525
'0:07.404',0.525
'0:07.408',0.520
'0:07.412',0.530
'0:07.416',0.515
'0:07.420',0.515
'0:07.424',0.515
'0:07.428',0.510
'0:07.432',0.535
'0:07.436',0.530
'0:07.440',0.535
'0:07.444',0.520
'0:07.448',0.515
'0:07.452',0.505
'0:07.456',0.515
'0:07.460',0.515
'0:07.464',0.510
'0:07.468',0.510
'0:07.472',0.500
'0:07.476',0.495
'0:07.480',0.500
'0:07.484',0.510
'0:07.488',0.515
'0:07.492',0.510
'0:07.496',0.515
'0:07.500',0.525
'0:07.504',0.525
'0:07.508',0.525
'0:07.512',0.515
'0:07.516',0.510
'0:07.520',0.515
'0:07.524',0.505
'0:07.528',0.510
'0:07.532',0.500
'0:07.536',0.505
'0:07.540',0.510
'0:07.544',0.520
'0:07.548',0.520
'0:07.552',0.520
'0:07.556',0.500
'0:07.560',0.510
'0:07.564',0.510
'0:07.568',0.515
'0:07.572',0.520
'0:07.576',0.495
'0:07.580',0.505
'0:07.584',0.500
'0:07.588',0.495
'0:07.592',0.495
'0:07.596',0.485
'0:07.600',0.495
'0:07.604',0.495
'0:07.608',0.495
'0:07.612',0.485
'0:07.616',0.495
'0:07.620',0.490
'0:07.624',0.490
'0:07.628',0.495
'0:07.632',0.495
'0:07.636',0.485
'0:07.640',0.485
'0:07.644',0.485
'0:07.648',0.475
'0:07.652',0.465
'0:07.656',0.480
'0:07.660',0.485
'0:07.664',0.495
'0:07.668',0.495
'0:07.672',0.495
'0:07.676',0.500
'0:07.680',0.495
'0:07.684',0.500
'0:07.688',0.490
'0:07.692',0.475
'0:07.696',0.475
'0:07.700',0.475
'0:07.704',0.475
'0:07.708',0.485
'0:07.712',0.480
'0:07.716',0.485
'0:07.720',0.490
'0:07.724',0.465
'0:07.728',0.490
'0:07.732',0.490
'0:07.736',0.500
'0:07.740',0.485
'0:07.744',0.465
'0:07.748',0.465
'0:07.752',0.475
'0:07.756',0.475
'0:07.760',0.480
'0:07.764',0.480
'0:07.768',0.485
'0:07.772',0.495
'0:07.776',0.495
'0:07.780',0.500
'0:07.784',0.495
'0:07.788',0.495
'0:07.792',0.490
'0:07.796',0.495
'0:07.800',0.495
'0:07.804',0.495
'0:07.808',0.495
'0:07.812',0.490
'0:07.816',0.490
'0:07.820',0.490
'0:07.824',0.495
'0:07.828',0.500
'0:07.832',0.485
'0:07.836',0.485
'0:07.840',0.475
'0:07.844',0.485
'0:07.848',0.485
'0:07.852',0.465
'0:07.856',0.495
'0:07.860',0.495
'0:07.864',0.495
'0:07.868',0.495
'0:07.872',0.495
'0:07.876',0.495
'0:07.880',0.490
'0:07.884',0.505
'0:07.888',0.505
'0:07.892',0.525
'0:07.896',0.555
'0:07.900',0.560
'0:07.904',0.565
'0:07.908',0.555
'0:07.912',0.535
'0:07.916',0.545
'0:07.920',0.575
'0:07.924',0.585
'0:07.928',0.595
'0:07.932',0.605
'0:07.936',0.580
'0:07.940',0.580
'0:07.944',0.570
'0:07.948',0.560
'0:07.952',0.545
'0:07.956',0.535
'0:07.960',0.525
'0:07.964',0.515
'0:07.968',0.505
'0:07.972',0.495
'0:07.976',0.495
'0:07.980',0.485
'0:07.984',0.490
'0:07.988',0.495
'0:07.992',0.485
'0:07.996',0.485
'0:08.000',0.480
'0:08.004',0.480
'0:08.008',0.490
'0:08.012',0.485
'0:08.016',0.490
'0:08.020',0.485
'0:08.024',0.490
'0:08.028',0.490
'0:08.032',0.485
'0:08.036',0.485
'0:08.040',0.525
'0:08.044',0.680
'0:08.048',0.985
'0:08.052',1.425
'0:08.056',1.900
'0:08.060',2.250
'0:08.064',2.365
'0:08.068',2.155
'0:08.072',1.725
'0:08.076',1.250
'0:08.080',0.875
'0:08.084',0.650
'0:08.088',0.580
'0:08.092',0.565
'0:08.096',0.565
'0:08.100',0.540
'0:08.104',0.540
'0:08.108',0.515
'0:08.112',0.500
'0:08.116',0.490
'0:08.120',0.495
'0:08.124',0.490
'0:08.128',0.485
'0:08.132',0.485
'0:08.136',0.485
'0:08.140',0.485
'0:08.144',0.495
'0:08.148',0.490
'0:08.152',0.490
'0:08.156',0.495
'0:08.160',0.495
'0:08.164',0.495
'0:08.168',0.495
'0:08.172',0.490
'0:08.176',0.495
'0:08.180',0.500
'0:08.184',0.510
'0:08.188',0.510
'0:08.192',0.515
'0:08.196',0.515
'0:08.200',0.525
'0:08.204',0.530
'0:08.208',0.535
'0:08.212',0.530
'0:08.216',0.530
'0:08.220',0.530
'0:08.224',0.535
'0:08.228',0.540
'0:08.232',0.545
'0:08.236',0.560
'0:08.240',0.570
'0:08.244',0.580
'0:08.248',0.610
'0:08.252',0.585
'0:08.256',0.600
'0:08.260',0.615
'0:08.264',0.630
'0:08.268',0.665
'0:08.272',0.665
'0:08.276',0.680
'0:08.280',0.680
'0:08.284',0.700
'0:08.288',0.715
'0:08.292',0.730
'0:08.296',0.755
'0:08.300',0.765
'0:08.304',0.775
'0:08.308',0.770
'0:08.312',0.775
'0:08.316',0.775
'0:08.320',0.790
'0:08.324',0.785
'0:08.328',0.775
'0:08.332',0.765
'0:08.336',0.750
'0:08.340',0.735
'0:08.344',0.710
'0:08.348',0.685
'0:08.352',0.670
'0:08.356',0.655
'0:08.360',0.625
'0:08.364',0.610
'0:08.368',0.585
'0:08.372',0.580
'0:08.376',0.570
'0:08.380',0.570
'0:08.384',0.570
'0:08.388',0.560
'0:08.392',0.535
'0:08.396',0.535
'0:08.400',0.520
'0:08.404',0.515
'0:08.408',0.515
'0:08.412',0.500
'0:08.416',0.500
'0:08.420',0.500
'0:08.424',0.495
'0:08.428',0.510
'0:08.432',0.500
'0:08.436',0.485
'0:08.440',0.505
'0:08.444',0.500
'0:08.448',0.510
'0:08.452',0.495
'0:08.456',0.485
'0:08.460',0.495
'0:08.464',0.485
'0:08.468',0.485
'0:08.472',0.495
'0:08.476',0.485
'0:08.480',0.495
'0:08.484',0.495
'0:08.488',0.490
'0:08.492',0.490
'0:08.496',0.495
'0:08.500',0.495
'0:08.504',0.500
'0:08.508',0.495
'0:08.512',0.500
'0:08.516',0.510
'0:08.520',0.500
'0:08.524',0.500
'0:08.528',0.500
'0:08.532',0.500
'0:08.536',0.490
'0:08.540',0.485
'0:08.544',0.485
'0:08.548',0.485
'0:08.552',0.495
'0:08.556',0.500
'0:08.560',0.500
'0:08.564',0.500
'0:08.568',0.495
'0:08.572',0.495
'0:08.576',0.490
'0:08.580',0.485
'0:08.584',0.485
'0:08.588',0.485
'0:08.592',0.485
'0:08.596',0.495
'0:08.600',0.490
'0:08.604',0.475
'0:08.608',0.495
'0:08.612',0.495
'0:08.616',0.500
'0:08.620',0.485
'0:08.624',0.455
'0:08.628',0.465
'0:08.632',0.475
'0:08.636',0.480
'0:08.640',0.480
'0:08.644',0.480
'0:08.648',0.475
'0:08.652',0.480
'0:08.656',0.480
'0:08.660',0.475
'0:08.664',0.460
'0:08.668',0.450
'0:08.672',0.455
'0:08.676',0.465
'0:08.680',0.480
'0:08.684',0.480
'0:08.688',0.475
'0:08.692',0.475
'0:08.696',0.475
'0:08.700',0.480
'0:08.704',0.480
'0:08.708',0.475
'0:08.712',0.465
'0:08.716',0.475
'0:08.720',0.480
'0:08.724',0.480
'0:08.728',0.490
'0:08.732',0.485
'0:08.736',0.495
'0:08.740',0.480
'0:08.744',0.490
'0:08.748',0.475
'0:08.752',0.475
'0:08.756',0.475
'0:08.760',0.465
'0:08.764',0.485
'0:08.768',0.475
'0:08.772',0.465
'0:08.776',0.480
'0:08.780',0.475
'0:08.784',0.475
'0:08.788',0.475
'0:08.792',0.450
'0:08.796',0.475
'0:08.800',0.465
'0:08.804',0.455
'0:08.808',0.455
'0:08.812',0.460
'0:08.816',0.480
'0:08.820',0.485
'0:08.824',0.485
'0:08.828',0.485
'0:08.832',0.480
'0:08.836',0.480
'0:08.840',0.490
'0:08.844',0.485
'0:08.848',0.485
'0:08.852',0.495
'0:08.856',0.485
'0:08.860',0.475
'0:08.864',0.480
'0:08.868',0.475
'0:08.872',0.485
'0:08.876',0.495
'0:08.880',0.495
'0:08.884',0.505
'0:08.888',0.525
'0:08.892',0.555
'0:08.896',0.545
'0:08.900',0.555
'0:08.904',0.555
'0:08.908',0.535
'0:08.912',0.560
'0:08.916',0.570
'0:08.920',0.580
'0:08.924',0.565
'0:08.928',0.560
'0:08.932',0.545
'0:08.936',0.545
'0:08.940',0.540
'0:08.944',0.535
'0:08.948',0.525
'0:08.952',0.525
'0:08.956',0.515
'0:08.960',0.495
'0:08.964',0.500
'0:08.968',0.495
'0:08.972',0.485
'0:08.976',0.480
'0:08.980',0.460
'0:08.984',0.485
'0:08.988',0.480
'0:08.992',0.485
'0:08.996',0.475
'0:09.000',0.460
'0:09.004',0.450
'0:09.008',0.460
'0:09.012',0.495
'0:09.016',0.500
'0:09.020',0.510
'0:09.024',0.500
'0:09.028',0.495
'0:09.032',0.540
'0:09.036',0.710
'0:09.040',1.045
'0:09.044',1.490
'0:09.048',1.955
'0:09.052',2.305
'0:09.056',2.395
'0:09.060',2.170
'0:09.064',1.750
'0:09.068',1.265
'0:09.072',0.840
'0:09.076',0.605
'0:09.080',0.540
'0:09.084',0.540
'0:09.088',0.560
'0:09.092',0.555
'0:09.096',0.530
'0:09.100',0.510
'0:09.104',0.495
'0:09.108',0.485
'0:09.112',0.495
'0:09.116',0.490
'0:09.120',0.495
'0:09.124',0.480
'0:09.128',0.455
'0:09.132',0.490
'0:09.136',0.495
'0:09.140',0.495
'0:09.144',0.495
'0:09.148',0.485
'0:09.152',0.505
'0:09.156',0.505
'0:09.160',0.510
'0:09.164',0.500
'0:09.168',0.500
'0:09.172',0.510
'0:09.176',0.515
'0:09.180',0.525
'0:09.184',0.525
'0:09.188',0.520
'0:09.192',0.535
'0:09.196',0.540
'0:09.200',0.535
'0:09.204',0.525
'0:09.208',0.525
'0:09.212',0.525
'0:09.216',0.535
'0:09.220',0.540
'0:09.224',0.560
'0:09.228',0.585
'0:09.232',0.590
'0:09.236',0.595
'0:09.240',0.590
'0:09.244',0.605
'0:09.248',0.610
'0:09.252',0.625
'0:09.256',0.655
'0:09.260',0.680
'0:09.264',0.695
'0:09.268',0.705
'0:09.272',0.735
'0:09.276',0.740
'0:09.280',0.750
'0:09.284',0.755
'0:09.288',0.765
'0:09.292',0.790
'0:09.296',0.815
'0:09.300',0.810
'0:09.304',0.830
'0:09.308',0.830
'0:09.312',0.825
'0:09.316',0.825
'0:09.320',0.805
'0:09.324',0.775
'0:09.328',0.750
'0:09.332',0.730
'0:09.336',0.715
'0:09.340',0.675
'0:09.344',0.655
'0:09.348',0.620
'0:09.352',0.610
'0:09.356',0.585
'0:09.360',0.565
'0:09.364',0.545
'0:09.368',0.555
'0:09.372',0.535
'0:09.376',0.525
'0:09.380',0.510
'0:09.384',0.515
'0:09.388',0.525
'0:09.392',0.515
'0:09.396',0.510
'0:09.400',0.510
'0:09.404',0.510
'0:09.408',0.515
'0:09.412',0.505
'0:09.416',0.500
'0:09.420',0.495
'0:09.424',0.495
'0:09.428',0.495
'0:09.432',0.495
'0:09.436',0.500
'0:09.440',0.495
'0:09.444',0.495
'0:09.448',0.500
'0:09.452',0.495
'0:09.456',0.495
'0:09.460',0.490
'0:09.464',0.490
'0:09.468',0.485
'0:09.472',0.485
'0:09.476',0.490
'0:09.480',0.490
'0:09.484',0.480
'0:09.488',0.495
'0:09.492',0.490
'0:09.496',0.490
'0:09.500',0.485
'0:09.504',0.465
'0:09.508',0.480
'0:09.512',0.495
'0:09.516',0.495
'0:09.520',0.495
'0:09.524',0.490
'0:09.528',0.495
'0:09.532',0.485
'0:09.536',0.485
'0:09.540',0.485
'0:09.544',0.490
'0:09.548',0.490
'0:09.552',0.495
'0:09.556',0.485
'0:09.560',0.480
'0:09.564',0.485
'0:09.568',0.485
'0:09.572',0.485
'0:09.576',0.490
'0:09.580',0.485
'0:09.584',0.490
'0:09.588',0.485
'0:09.592',0.485
'0:09.596',0.485
'0:09.600',0.475
'0:09.604',0.475
'0:09.608',0.465
'0:09.612',0.475
'0:09.616',0.475
'0:09.620',0.480
'0:09.624',0.485
'0:09.628',0.475
'0:09.632',0.485
'0:09.636',0.480
'0:09.640',0.480
'0:09.644',0.480
'0:09.648',0.475
'0:09.652',0.445
'0:09.656',0.455
'0:09.660',0.455
'0:09.664',0.465
'0:09.668',0.460
'0:09.672',0.450
'0:09.676',0.465
'0:09.680',0.465
'0:09.684',0.465
'0:09.688',0.475
'0:09.692',0.465
'0:09.696',0.475
'0:09.700',0.485
'0:09.704',0.480
'0:09.708',0.475
'0:09.712',0.460
'0:09.716',0.475
'0:09.720',0.465
'0:09.724',0.475
'0:09.728',0.455
'0:09.732',0.475
'0:09.736',0.475
'0:09.740',0.475
'0:09.744',0.475
'0:09.748',0.475
'0:09.752',0.475
'0:09.756',0.465
'0:09.760',0.475
'0:09.764',0.465
'0:09.768',0.465
'0:09.772',0.475
'0:09.776',0.475
'0:09.780',0.455
'0:09.784',0.460
'0:09.788',0.460
'0:09.792',0.475
'0:09.796',0.475
'0:09.800',0.490
'0:09.804',0.485
'0:09.808',0.485
'0:09.812',0.475
'0:09.816',0.460
'0:09.820',0.475
'0:09.824',0.475
'0:09.828',0.475
'0:09.832',0.475
'0:09.836',0.465
'0:09.840',0.475
'0:09.844',0.510
'0:09.848',0.525
'0:09.852',0.535
'0:09.856',0.525
'0:09.860',0.510
'0:09.864',0.530
'0:09.868',0.540
'0:09.872',0.560
'0:09.876',0.570
'0:09.880',0.560
'0:09.884',0.560
'0:09.888',0.560
'0:09.892',0.560
'0:09.896',0.560
'0:09.900',0.560
'0:09.904',0.540
'0:09.908',0.535
'0:09.912',0.525
'0:09.916',0.505
'0:09.920',0.510
'0:09.924',0.500
'0:09.928',0.495
'0:09.932',0.485
'0:09.936',0.480
'0:09.940',0.475
'0:09.944',0.465
'0:09.948',0.475
'0:09.952',0.480
'0:09.956',0.465
'0:09.960',0.465
'0:09.964',0.450
'0:09.968',0.455
'0:09.972',0.455
'0:09.976',0.475
'0:09.980',0.495
'0:09.984',0.495
'0:09.988',0.510
'0:09.992',0.615
'0:09.996',0.875
